{
  "title": "Settings",
  "uri": "/mqtt_setting",
  "menu": true,
  "auth": "digest",
  "element": [{
      "name": "style",
      "type": "ACStyle",
      "value": "label+input,label+select{position:sticky;left:120px;width:230px!important;box-sizing:border-box;}"
    },
    {
      "name": "header1",
      "type": "ACText",
      "value": "<h2>System Settings</h2>",
      "style": "text-align:center;color:#2f4f4f;"
    },
    {
      "name": "caption",
      "type": "ACText",
      "value": "MQTT Settings",
      "style": "font-family:serif;color:#4682b4;"
    },
    {
      "name": "mqttserver",
      "type": "ACInput",
      "value": "mqtt.example.com",
      "placeholder": "MQTT broker server",
      "label": "MQTT Server"
    },
    {
      "name": "port",
      "type": "ACInput",
      "value": "1883",
      "label": "MQTT Port"
    },
    {
      "name": "gatewayID",
      "type": "ACInput",
      "value": "12345",
      "label": "Gateway ID"
    },
    {
      "name": "nodeID",
      "type": "ACInput",
      "value": "67890",
      "label": "Node ID"
    },
    {
      "name": "newline99",
      "type": "ACElement",
      "value": "<hr>"
    },
    {
      "name": "header5",
      "type": "ACText",
      "value": "<h4>Network Status</h4>",
      "style": "text-align:center;color:#2f4f4f;"
    },
    {
      "name": "network",
      "type": "ACText",
      "value": "WiFi",
      "style": "font-family:serif;color:#4682b4;"
    },
    {
      "name": "refresh2",
      "type": "ACButton",
      "value": "Refresh",
      "action": "refreshP()",
      "posterior": "none"
    },
    {
      "name": "newline98",
      "type": "ACElement",
      "value": "<hr>"
    },
    {
      "name": "header6",
      "type": "ACText",
      "value": "<h4>Temperature Parameters</h4>",
      "style": "text-align:center;color:#2f4f4f;"
    },
    {
      "name": "cmotsT",
      "type": "ACText",
      "value": "0.0",
      "style": "font-family:serif;color:#4682b4;"
    },
    {
      "name": "cmotsH",
      "type": "ACText",
      "value": "0.0",
      "style": "font-family:serif;color:#4682b4;"
    },
    {
      "name": "cmotsP",
      "type": "ACText",
      "value": "0.0",
      "style": "font-family:serif;color:#4682b4;"
    },
    {
      "name": "cmotsB",
      "type": "ACText",
      "value": "0.0",
      "style": "font-family:serif;color:#4682b4;"
    },
    {
      "name": "cmotsS",
      "type": "ACText",
      "value": "0.0",
      "style": "font-family:serif;color:#4682b4;"
    },
    {
      "name": "sensorT",
      "type": "ACText",
      "value": "0",
      "style": "font-family:serif;color:#4682b4;"
    },
    {
      "name": "refresh1",
      "type": "ACButton",
      "value": "Refresh",
      "action": "refreshP()",
      "posterior": "none"
    },
    {
      "name": "js",
      "type": "ACElement",
      "value": "<script type='text/javascript'>function refreshP() {document.location.reload(true);}</script>"
    },
    {
      "name": "newline0",
      "type": "ACElement",
      "value": "<hr>"
    },
    {
      "name": "header2",
      "type": "ACText",
      "value": "<h4>System Settings</h4>",
      "style": "text-align:center;color:#2f4f4f;"
    },
    {
      "name": "networkType",
      "type": "ACRadio",
      "label": "<h3>Network Type</h3>",
      "value": [
        "WiFi",
        "GSM"
      ],
      "arrange": "vertical",
      "checked": 1
    },
    {
      "name": "apn",
      "type": "ACInput",
      "value": "internet",
      "label": "APN"
    },
    {
      "name": "apnUser",
      "type": "ACInput",
      "value": "internet",
      "label": "APN Username"
    },
    {
      "name": "apnPass",
      "type": "ACInput",
      "value": "internet",
      "label": "APN Password"
    },
    {
      "name": "newline2",
      "type": "ACElement",
      "value": "<hr>"
    },
    {
      "name": "header3",
      "type": "ACText",
      "value": "<h4>CMOTS Settings</h4>",
      "style": "text-align:center;color:#2f4f4f;"
    },
    {
      "name": "emailAddress",
      "type": "ACInput",
      "value": "jyao@amecorp.ca",
      "label": "Email Address"
    },
    {
      "name": "IMEI",
      "type": "ACInput",
      "value": "06180324",
      "label": "IMEI"
    },

    {
      "name": "newline3",
      "type": "ACElement",
      "value": "<hr>"
    },



    {
      "name": "hostname",
      "type": "ACInput",
      "label": "ESP hostname(Device & AP Name)",
      "value": "SmartTC"
    },
    {
      "name": "apPass",
      "type": "ACInput",
      "label": "ESP AP Password",
      "value": "123456789AP"
    },
    {
      "name": "settingsPass",
      "type": "ACInput",
      "label": "Settings Page Password",
      "value": "admin"
    },
    {
      "name": "save",
      "type": "ACSubmit",
      "value": "Save&Start",
      "uri": "/mqtt_save"
    },
    {
      "name": "discard",
      "type": "ACSubmit",
      "value": "Discard",
      "uri": "/"
    }
  ]
}